{"cameraMode":{"drawMode":0,"name":"Shaded","section":"Shading Mode"},"sceneLighting":false,"audioPlay":false,"sceneViewState":{"showFog":true,"showMaterialUpdate":false,"showSkybox":false,"showFlares":true,"showImageEffects":true,"showParticleSystems":true},"in2DMode":false,"pivot":{"x":4.022368431091309,"y":1.6714999675750733,"z":0.4944073557853699},"rotation":{"x":0.1360006332397461,"y":0.7648351192474365,"z":-0.17168642580509187,"w":0.6058505177497864},"size":6.493945121765137,"orthographic":false}